/* user_info table insert */
insert user_info(user_id, id, pw, name, email, tel, address, address_detail,generated_date) value('user_id_0','wkdgur','0000','박장혁','wkdgur@naver.com','7.9181504252621975E9','경기도','동작구',now());
insert user_info(user_id, id, pw, name, email, tel, address, address_detail,generated_date) value('user_id_1','wodud','0000','박재영','wodud@naver.com','1.078127430357878E8','경기도','팔달구',now());
insert user_info(user_id, id, pw, name, email, tel, address, address_detail,generated_date) value('user_id_2','wodn','0000','최재우','wodn@naver.com','1.6421140117902534E9','대구','동작구',now());
insert user_info(user_id, id, pw, name, email, tel, address, address_detail,generated_date) value('user_id_3','wodnjs','0000','유재원','wodnjs@naver.com','3.232763408823949E9','부산','동작구',now());
insert user_info(user_id, id, pw, name, email, tel, address, address_detail,generated_date) value('user_id_4','wogns','0000','박재훈','wogns@naver.com','7.3068002422409725E9','서울','동작구',now());
insert user_info(user_id, id, pw, name, email, tel, address, address_detail,generated_date) value('user_id_5','wogus','0000','오재현','wogus@naver.com','1.8925624589877422E9','울산','동작구',now());
insert user_info(user_id, id, pw, name, email, tel, address, address_detail,generated_date) value('user_id_6','wogh','0000','박재호','wogh@naver.com','8.246171504373927E9','서울','동작구',now());
insert user_info(user_id, id, pw, name, email, tel, address, address_detail,generated_date) value('user_id_7','wogur','0000','이재혁','wogur@naver.com','2.1534800217271457E9','경기도','팔달구',now());
insert user_info(user_id, id, pw, name, email, tel, address, address_detail,generated_date) value('user_id_8','wowns','0000','박재준','wowns@naver.com','1.0918940359833984E8','울산','동작구',now());
insert user_info(user_id, id, pw, name, email, tel, address, address_detail,generated_date) value('user_id_9','wocks','0000','박재찬','wocks@naver.com','9.78412146632076E9','울산','동안구',now());
insert user_info(user_id, id, pw, name, email, tel, address, address_detail,generated_date) value('user_id_10','wotjd','0000','유재성','wotjd@naver.com','2.8147413136140776E9','인천','동작구',now());
insert user_info(user_id, id, pw, name, email, tel, address, address_detail,generated_date) value('user_id_11','woals','0000','오재민','woals@naver.com','5.596497598040359E9','인천','동작구',now());
insert user_info(user_id, id, pw, name, email, tel, address, address_detail,generated_date) value('user_id_12','woqls','$2a$11$BGw8Ph/9Zw0Nlcu.cQ8Fsec20pyrMw3RUOgccbwijc5pXUElIhBRO','박재빈','woqls@naver.com','9.789958154082563E9','인천','동안구',now());
insert user_info(user_id, id, pw, name, email, tel, address, address_detail,generated_date) value('user_id_13','wndnjs','0000','박주원','wndnjs@naver.com','5.76435648794843E9','인천','동안구',now());
insert user_info(user_id, id, pw, name, email, tel, address, address_detail,generated_date) value('user_id_14','wngh','0000','김주호','wngh@naver.com','1.2657062800870712E9','대전','팔달구',now());
insert user_info(user_id, id, pw, name, email, tel, address, address_detail,generated_date) value('user_id_15','wnghks','0000','박주환','wnghks@naver.com','7.080217739830788E9','대전','동안구',now());
insert user_info(user_id, id, pw, name, email, tel, address, address_detail,generated_date) value('user_id_16','wngns','0000','김주훈','wngns@naver.com','2.536630821347996E8','경기도','동작구',now());
insert user_info(user_id, id, pw, name, email, tel, address, address_detail,generated_date) value('user_id_17','wngur','0000','박주혁','wngur@naver.com','8.298807091842623E9','대전','팔달구',now());
insert user_info(user_id, id, pw, name, email, tel, address, address_detail,generated_date) value('user_id_18','wncks','0000','김주찬','wncks@naver.com','2.541215261959465E9','부산','부평구',now());
insert user_info(user_id, id, pw, name, email, tel, address, address_detail,generated_date) value('user_id_19','wnqls','0000','박주빈','wnqls@naver.com','2.622401160979917E9','서울','동안구',now());
insert user_info(user_id, id, pw, name, email, tel, address, address_detail,generated_date) value('user_id_20','wnsdud','0000','이준영','wnsdud@naver.com','4.451341815553874E9','인천','부평구',now());
insert user_info(user_id, id, pw, name, email, tel, address, address_detail,generated_date) value('user_id_21','wnsdk','0000','유준아','wnsdk@naver.com','1.1477315179492998E9','부산','동작구',now());
insert user_info(user_id, id, pw, name, email, tel, address, address_detail,generated_date) value('user_id_22','wnsdus','0000','이준연','wnsdus@naver.com','7.281316466681156E9','서울','팔달구',now());
insert user_info(user_id, id, pw, name, email, tel, address, address_detail,generated_date) value('user_id_23','wnsdhks','0000','오준완','wnsdhks@naver.com','1.3180715992326632E9','서울','팔달구',now());
insert user_info(user_id, id, pw, name, email, tel, address, address_detail,generated_date) value('user_id_24','wnsdn','0000','최준우','wnsdn@naver.com','5.031843756680663E9','대전','동안구',now());
insert user_info(user_id, id, pw, name, email, tel, address, address_detail,generated_date) value('user_id_25','wnsdnjs','0000','김준원','wnsdnjs@naver.com','9.680213137790699E9','인천','팔달구',now());
insert user_info(user_id, id, pw, name, email, tel, address, address_detail,generated_date) value('user_id_26','wnsgh','0000','박준호','wnsgh@naver.com','1.2613180453408656E9','경기도','동안구',now());
insert user_info(user_id, id, pw, name, email, tel, address, address_detail,generated_date) value('user_id_27','wnsgn','0000','최준후','wnsgn@naver.com','1.5752351608559055E9','대구','부평구',now());
insert user_info(user_id, id, pw, name, email, tel, address, address_detail,generated_date) value('user_id_28','wnsdlf','0000','유준일','wnsdlf@naver.com','2.3611029301316533E9','대전','팔달구',now());
insert user_info(user_id, id, pw, name, email, tel, address, address_detail,generated_date) value('user_id_29','wnsgus','0000','김준혁','wnsgus@naver.com','6.804061088839063E9','울산','부평구',now());
insert user_info(user_id, id, pw, name, email, tel, address, address_detail,generated_date) value('user_id_30','wnstkd','0000','유준상','wnstkd@naver.com','3.1787518373578515E9','대전','부평구',now());
insert user_info(user_id, id, pw, name, email, tel, address, address_detail,generated_date) value('user_id_31','wnstjd','0000','유준성','wnstjd@naver.com','5.282280782885198E9','경기도','동안구',now());
insert user_info(user_id, id, pw, name, email, tel, address, address_detail,generated_date) value('user_id_32','wldhks','0000','최지완','wldhks@naver.com','8.367305171604697E9','부산','팔달구',now());
insert user_info(user_id, id, pw, name, email, tel, address, address_detail,generated_date) value('user_id_33','wldbf','0000','오주훈','wldbf@naver.com','8.680875870773703E9','대전','팔달구',now());
insert user_info(user_id, id, pw, name, email, tel, address, address_detail,generated_date) value('user_id_34','wlghks','0000','박지율','wlghks@naver.com','9.97933249020888E9','울산','동작구',now());
insert user_info(user_id, id, pw, name, email, tel, address, address_detail,generated_date) value('user_id_35','wlgh','0000','김지환','wlgh@naver.com','6.956316715040615E9','대구','팔달구',now());
insert user_info(user_id, id, pw, name, email, tel, address, address_detail,generated_date) value('user_id_36','wlgn','0000','김지호','wlgn@naver.com','1.2421565049389117E9','울산','동안구',now());
insert user_info(user_id, id, pw, name, email, tel, address, address_detail,generated_date) value('user_id_37','wlgur','0000','오지후','wlgur@naver.com','4.389794152338037E9','서울','동안구',now());
insert user_info(user_id, id, pw, name, email, tel, address, address_detail,generated_date) value('user_id_38','wlals','0000','오지혁','wlals@naver.com','4.952320511258173E9','인천','동작구',now());
insert user_info(user_id, id, pw, name, email, tel, address, address_detail,generated_date) value('user_id_39','wlqls','0000','김지민','wlqls@naver.com','6.34588514195722E8','경기도','동안구',now());
insert user_info(user_id, id, pw, name, email, tel, address, address_detail,generated_date) value('user_id_40','wlsgh','0000','박지빈','wlsgh@naver.com','6.038234955732832E9','서울','팔달구',now());
insert user_info(user_id, id, pw, name, email, tel, address, address_detail,generated_date) value('user_id_41','wlsdud','0000','최진호','wlsdud@naver.com','3.6350667319182773E9','대전','팔달구',now());
insert user_info(user_id, id, pw, name, email, tel, address, address_detail,generated_date) value('user_id_42','wlsgur','0000','최진영','wlsgur@naver.com','4.304213391411924E9','대전','동작구',now());
insert user_info(user_id, id, pw, name, email, tel, address, address_detail,generated_date) value('user_id_43','ckals','0000','유진혁','ckals@naver.com','3.921516306810662E9','부산','동작구',now());
insert user_info(user_id, id, pw, name, email, tel, address, address_detail,generated_date) value('user_id_44','cksdud','0000','김차민','cksdud@naver.com','9.649667576553831E9','인천','동안구',now());
insert user_info(user_id, id, pw, name, email, tel, address, address_detail,generated_date) value('user_id_45','cksdn','0000','김찬영','cksdn@naver.com','2.4617629494376736E9','서울','부평구',now());
insert user_info(user_id, id, pw, name, email, tel, address, address_detail,generated_date) value('user_id_46','cksgh','0000','최찬우','cksgh@naver.com','6.83569989895631E9','경기도','동작구',now());
insert user_info(user_id, id, pw, name, email, tel, address, address_detail,generated_date) value('user_id_47','cksgn','0000','김찬호','cksgn@naver.com','6.191778091608187E9','경기도','동작구',now());
insert user_info(user_id, id, pw, name, email, tel, address, address_detail,generated_date) value('user_id_48','cksdbf','0000','최찬후','cksdbf@naver.com','5.548142996046576E9','부산','동작구',now());
insert user_info(user_id, id, pw, name, email, tel, address, address_detail,generated_date) value('user_id_49','cksgur','0000','오찬율','cksgur@naver.com','8.75053833204819E9','대전','동안구',now());
insert user_info(user_id, id, pw, name, email, tel, address, address_detail,generated_date) value('user_id_50','cogns','0000','최찬혁','cogns@naver.com','8.700336112894098E9','경기도','부평구',now());
insert user_info(user_id, id, pw, name, email, tel, address, address_detail,generated_date) value('user_id_51','cogh','0000','최채훈','cogh@naver.com','6.4752559473169155E9','인천','팔달구',now());
insert user_info(user_id, id, pw, name, email, tel, address, address_detail,generated_date) value('user_id_52','cogur','0000','오채호','cogur@naver.com','3.968532003873002E9','울산','동작구',now());
insert user_info(user_id, id, pw, name, email, tel, address, address_detail,generated_date) value('user_id_53','coals','0000','김채혁','coals@naver.com','7.006538993557271E9','대구','팔달구',now());
insert user_info(user_id, id, pw, name, email, tel, address, address_detail,generated_date) value('user_id_54','coqls','0000','이채민','coqls@naver.com','1.014413310465494E9','울산','팔달구',now());
insert user_info(user_id, id, pw, name, email, tel, address, address_detail,generated_date) value('user_id_55','dbsrb','0000','이채빈','dbsrb@naver.com','6.012555562714869E9','부산','동안구',now());
insert user_info(user_id, id, pw, name, email, tel, address, address_detail,generated_date) value('user_id_56','dbsrl','0000','최윤규','dbsrl@naver.com','6.99816048963332E9','서울','부평구',now());
insert user_info(user_id, id, pw, name, email, tel, address, address_detail,generated_date) value('user_id_57','dbsxo','0000','이윤기','dbsxo@naver.com','5.639162092782066E9','부산','동안구',now());
insert user_info(user_id, id, pw, name, email, tel, address, address_detail,generated_date) value('user_id_58','dbscks','0000','이윤태','dbscks@naver.com','2.315999215241209E9','대전','동작구',now());
insert user_info(user_id, id, pw, name, email, tel, address, address_detail,generated_date) value('user_id_59','dbswls','0000','김윤찬','dbswls@naver.com','8.701963856888494E8','대구','팔달구',now());
insert user_info(user_id, id, pw, name, email, tel, address, address_detail,generated_date) value('user_id_60','dbseh','0000','오윤진','dbseh@naver.com','5.2210375189386635E9','경기도','부평구',now());
insert user_info(user_id, id, pw, name, email, tel, address, address_detail,generated_date) value('user_id_61','dmsry','0000','유윤도','dmsry@naver.com','9.548525031404799E9','대전','부평구',now());
insert user_info(user_id, id, pw, name, email, tel, address, address_detail,generated_date) value('user_id_62','dmsrb','0000','오은교','dmsrb@naver.com','5.371599533478245E8','대구','동안구',now());
insert user_info(user_id, id, pw, name, email, tel, address, address_detail,generated_date) value('user_id_63','dmsfbf','0000','유은규','dmsfbf@naver.com','1.342463305626659E9','울산','부평구',now());
insert user_info(user_id, id, pw, name, email, tel, address, address_detail,generated_date) value('user_id_64','dmscks','0000','박은률','dmscks@naver.com','3.203111189558923E9','경기도','팔달구',now());
insert user_info(user_id, id, pw, name, email, tel, address, address_detail,generated_date) value('user_id_65','dlsrb','0000','유은찬','dlsrb@naver.com','6.391145349617288E9','대구','부평구',now());
insert user_info(user_id, id, pw, name, email, tel, address, address_detail,generated_date) value('user_id_66','dlsxo','0000','유인규','dlsxo@naver.com','2.5687578533338252E8','인천','부평구',now());
insert user_info(user_id, id, pw, name, email, tel, address, address_detail,generated_date) value('user_id_67','gksrb','0000','유인태','gksrb@naver.com','7.142299367261928E9','부산','동작구',now());
insert user_info(user_id, id, pw, name, email, tel, address, address_detail,generated_date) value('user_id_68','gksdbf','0000','유한규','gksdbf@naver.com','5.176892306973874E9','인천','팔달구',now());
insert user_info(user_id, id, pw, name, email, tel, address, address_detail,generated_date) value('user_id_69','gkswns','0000','이한율','gkswns@naver.com','6.391467761497868E9','부산','팔달구',now());
insert user_info(user_id, id, pw, name, email, tel, address, address_detail,generated_date) value('user_id_70','gkstjd','0000','유한준','gkstjd@naver.com','5.431839996103727E8','대구','팔달구',now());
insert user_info(user_id, id, pw, name, email, tel, address, address_detail,generated_date) value('user_id_71','dusdn','0000','유한성','dusdn@naver.com','5.965126968853319E8','부산','부평구',now());
insert user_info(user_id, id, pw, name, email, tel, address, address_detail,generated_date) value('user_id_72','duddls','0000','박연우','duddls@naver.com','9.79354399717804E9','울산','동작구',now());
insert user_info(user_id, id, pw, name, email, tel, address, address_detail,generated_date) value('user_id_73','dnjsdud','0000','이영인','dnjsdud@naver.com','2.9975148762508707E9','경기도','동안구',now());
insert user_info(user_id, id, pw, name, email, tel, address, address_detail,generated_date) value('user_id_74','dnjsdn','0000','이원영','dnjsdn@naver.com','6.671599090907155E9','부산','동안구',now());
insert user_info(user_id, id, pw, name, email, tel, address, address_detail,generated_date) value('user_id_75','dnjsdlf','0000','유원우','dnjsdlf@naver.com','4.210954404436572E9','서울','동안구',now());
insert user_info(user_id, id, pw, name, email, tel, address, address_detail,generated_date) value('user_id_76','dbsduf','0000','유원일','dbsduf@naver.com','3.7578108083081675E9','울산','동작구',now());
insert user_info(user_id, id, pw, name, email, tel, address, address_detail,generated_date) value('user_id_77','dbsdh','0000','박윤열','dbsdh@naver.com','5.048084621215616E9','대전','팔달구',now());
insert user_info(user_id, id, pw, name, email, tel, address, address_detail,generated_date) value('user_id_78','dbsdn','0000','오윤오','dbsdn@naver.com','5.422871268543376E9','울산','팔달구',now());
insert user_info(user_id, id, pw, name, email, tel, address, address_detail,generated_date) value('user_id_79','dbsdlf','0000','유윤우','dbsdlf@naver.com','4.059226317628285E9','울산','팔달구',now());
insert user_info(user_id, id, pw, name, email, tel, address, address_detail,generated_date) value('user_id_80','dmsdn','0000','유윤일','dmsdn@naver.com','8.54591758076674E9','대구','팔달구',now());
insert user_info(user_id, id, pw, name, email, tel, address, address_detail,generated_date) value('user_id_81','dmsdh','0000','유은우','dmsdh@naver.com','4.255533796062372E8','대구','동안구',now());
insert user_info(user_id, id, pw, name, email, tel, address, address_detail,generated_date) value('user_id_82','gusgh','0000','김은오','gusgh@naver.com','8.516666878978398E9','울산','동작구',now());
insert user_info(user_id, id, pw, name, email, tel, address, address_detail,generated_date) value('user_id_83','gusdn','0000','김현호','gusdn@naver.com','6.473855240593414E9','대구','동안구',now());
insert user_info(user_id, id, pw, name, email, tel, address, address_detail,generated_date) value('user_id_84','ghdud','0000','오현우','ghdud@naver.com','2.2288412567227945E9','인천','동작구',now());
insert user_info(user_id, id, pw, name, email, tel, address, address_detail,generated_date) value('user_id_85','ghksgml','0000','오호영','ghksgml@naver.com','6.4124839834136915E9','인천','부평구',now());
insert user_info(user_id, id, pw, name, email, tel, address, address_detail,generated_date) value('user_id_86','dnjsgns','0000','최환희','dnjsgns@naver.com','2.028760768804726E9','부산','부평구',now());
insert user_info(user_id, id, pw, name, email, tel, address, address_detail,generated_date) value('user_id_87','dnjsgh','0000','박윤후','dnjsgh@naver.com','2.481772587376921E9','경기도','팔달구',now());
insert user_info(user_id, id, pw, name, email, tel, address, address_detail,generated_date) value('user_id_88','dlsgur','0000','최원훈','dlsgur@naver.com','9.68311894592971E9','인천','동안구',now());
insert user_info(user_id, id, pw, name, email, tel, address, address_detail,generated_date) value('user_id_89','dbgus','0000','유원호','dbgus@naver.com','3.15188061868246E9','서울','동안구',now());
insert user_info(user_id, id, pw, name, email, tel, address, address_detail,generated_date) value('user_id_90','dnsgh','0000','유원혁','dnsgh@naver.com','1.3678571679921691E9','울산','부평구',now());
insert user_info(user_id, id, pw, name, email, tel, address, address_detail,generated_date) value('user_id_91','dbtkd','0000','박유현','dbtkd@naver.com','2.3263171852069373E9','울산','동안구',now());
insert user_info(user_id, id, pw, name, email, tel, address, address_detail,generated_date) value('user_id_92','dntjd','0000','이윤호','dntjd@naver.com','9.16862442338069E9','경기도','팔달구',now());
insert user_info(user_id, id, pw, name, email, tel, address, address_detail,generated_date) value('user_id_93','dbtls','0000','유윤후','dbtls@naver.com','3.7300743831530914E9','부산','동작구',now());
insert user_info(user_id, id, pw, name, email, tel, address, address_detail,generated_date) value('user_id_94','dbstkd','0000','최우성','dbstkd@naver.com','1.554160168447226E9','경기도','팔달구',now());
insert user_info(user_id, id, pw, name, email, tel, address, address_detail,generated_date) value('user_id_95','dbstjd','0000','유유상','dbstjd@naver.com','1.2558839477114248E9','대전','동작구',now());
insert user_info(user_id, id, pw, name, email, tel, address, address_detail,generated_date) value('user_id_96','dbwns','0000','유유성','dbwns@naver.com','1.3875087983349466E9','부산','동안구',now());
insert user_info(user_id, id, pw, name, email, tel, address, address_detail,generated_date) value('user_id_97','dbswo','0000','김유신','dbswo@naver.com','7.457859512713014E9','인천','부평구',now());
insert user_info(user_id, id, pw, name, email, tel, address, address_detail,generated_date) value('user_id_98','dbswns','0000','최윤상','dbswns@naver.com','1.1453394801218185E9','인천','부평구',now());
insert user_info(user_id, id, pw, name, email, tel, address, address_detail,generated_date) value('user_id_99','dbcks','0000','이윤성','dbcks@naver.com','7.534716700786112E9','경기도','부평구',now());
insert user_info(user_id, id, pw, name, email, tel, address, address_detail,generated_date) value('user_id_100','dmswns','0000','김윤섭','dmswns@naver.com','8.710770241538641E9','경기도','동안구',now());
insert user_info(user_id, id, pw, name, email, tel, address, address_detail,generated_date) value('user_id_101','dmswls','0000','김윤수','dmswls@naver.com','1.9196445742666423E9','서울','부평구',now());
insert user_info(user_id, id, pw, name, email, tel, address, address_detail,generated_date) value('user_id_102','gywns','0000','유은성','gywns@naver.com','5.196548934419945E9','울산','동작구',now());
insert user_info(user_id, id, pw, name, email, tel, address, address_detail,generated_date) value('user_id_103','gycks','0000','유은섭','gycks@naver.com','4.344244241917916E9','대전','동안구',now());
insert user_info(user_id, id, pw, name, email, tel, address, address_detail,generated_date) value('user_id_104','dudwo','0000','이한수','dudwo@naver.com','7.268677039838546E9','부산','동안구',now());
insert user_info(user_id, id, pw, name, email, tel, address, address_detail,generated_date) value('user_id_105','dudwns','0000','박효성','dudwns@naver.com','4.2920225425351033E9','서울','동작구',now());
insert user_info(user_id, id, pw, name, email, tel, address, address_detail,generated_date) value('user_id_106','dbsco','0000','김희성','dbsco@naver.com','8.119668328613155E9','서울','부평구',now());
insert user_info(user_id, id, pw, name, email, tel, address, address_detail,generated_date) value('user_id_107','dmsgn','0000','김아준','dmsgn@naver.com','8.893747921556995E9','대전','동안구',now());
insert user_info(user_id, id, pw, name, email, tel, address, address_detail,generated_date) value('user_id_108','dusgnmm','0000','김연재','dusgnmm@naver.com','3.048540961642925E9','부산','동작구',now());
insert user_info(user_id, id, pw, name, email, tel, address, address_detail,generated_date) value('user_id_109','dbsgn','0000','유연호','dbsgn@naver.com','3.302304150355214E9','인천','동작구',now());
insert user_info(user_id, id, pw, name, email, tel, address, address_detail,generated_date) value('user_id_110','gusgn','0000','김연후','gusgn@naver.com','1.2229612649781785E9','대구','동작구',now());
insert user_info(user_id, id, pw, name, email, tel, address, address_detail,generated_date) value('user_id_111','dudgn','0000','오영준','dudgn@naver.com','4.647033209121079E9','울산','팔달구',now());
insert user_info(user_id, id, pw, name, email, tel, address, address_detail,generated_date) value('user_id_112','guswns','0000','유우재','guswns@naver.com','5.028099077884124E9','대구','부평구',now());
insert user_info(user_id, id, pw, name, email, tel, address, address_detail,generated_date) value('user_id_113','dPwns','0000','최우준','dPwns@naver.com','4199779.232071376','대구','팔달구',now());
insert user_info(user_id, id, pw, name, email, tel, address, address_detail,generated_date) value('user_id_114','dPcks','0000','박우진','dPcks@naver.com','2.0658507297056193E9','대전','동작구',now());
insert user_info(user_id, id, pw, name, email, tel, address, address_detail,generated_date) value('user_id_115','dudcks','0000','박원재','dudcks@naver.com','6.097178602102995E9','경기도','동안구',now());
insert user_info(user_id, id, pw, name, email, tel, address, address_detail,generated_date) value('user_id_116','dncks','0000','유원준','dncks@naver.com','3.695026990465262E9','부산','부평구',now());
insert user_info(user_id, id, pw, name, email, tel, address, address_detail,generated_date) value('user_id_117','dnjswns','0000','김유준','dnjswns@naver.com','8.291973757000609E9','울산','부평구',now());
insert user_info(user_id, id, pw, name, email, tel, address, address_detail,generated_date) value('user_id_118','dldks','0000','박윤재','dldks@naver.com','3.5545333760972166E9','대전','부평구',now());
insert user_info(user_id, id, pw, name, email, tel, address, address_detail,generated_date) value('user_id_119','dlgns','0000','유윤준','dlgns@naver.com','9.984316197679853E9','서울','동작구',now());
insert into user_info values('dummy_data','dummy_data','dummy_data','dummy_data','dummy_data','dummy_data','dummy_data',now(),'dummy_data');
/* project table insert */
insert project(project_no, project_name,generating_date, user_id) value('project_no_1','휴대 전화기',now(),(select user_id from user_info where id='wkdgur'));
insert project(project_no, project_name,generating_date, user_id) value('project_no_2','휴대 단말기',now(),(select user_id from user_info where id='wodud'));
insert project(project_no, project_name,generating_date, user_id) value('project_no_3','터치 스크린',now(),(select user_id from user_info where id='wotjd'));
insert project(project_no, project_name,generating_date, user_id) value('project_no_4','컴퓨터 지원',now(),(select user_id from user_info where id='dmswns'));
insert project(project_no, project_name,generating_date, user_id) value('project_no_5','정보 검색',now(),(select user_id from user_info where id='dmswls'));
insert project(project_no, project_name,generating_date, user_id) value('project_no_6','입력 장치',now(),(select user_id from user_info where id='gywns'));
insert project(project_no, project_name,generating_date, user_id) value('project_no_7','인터넷 접속',now(),(select user_id from user_info where id='gycks'));
insert project(project_no, project_name,generating_date, user_id) value('project_no_8','이동 통신망',now(),(select user_id from user_info where id='dudwo'));
insert project(project_no, project_name,generating_date, user_id) value('project_no_9','운영 체제',now(),(select user_id from user_info where id='dudwns'));
insert project(project_no, project_name,generating_date, user_id) value('project_no_10','스마트폰',now(),(select user_id from user_info where id='dbsco'));
insert project(project_no, project_name,generating_date, user_id) value('project_no_11','시내국',now(),(select user_id from user_info where id='dmsgn'));
insert project(project_no, project_name,generating_date, user_id) value('project_no_12','금융서비스',now(),(select user_id from user_info where id='dusgnmm'));
insert project(project_no, project_name,generating_date, user_id) value('project_no_13','분산저장',now(),(select user_id from user_info where id='dbsgn'));
insert project(project_no, project_name,generating_date, user_id) value('project_no_14','순방향 오류 정정',now(),(select user_id from user_info where id='woals'));
insert project(project_no, project_name,generating_date, user_id) value('project_no_15','가시외 통신',now(),(select user_id from user_info where id='gusgn'));
insert project(project_no, project_name,generating_date, user_id) value('project_no_16','VisualNetworking Index',now(),(select user_id from user_info where id='dudgn'));
insert project(project_no, project_name,generating_date, user_id) value('project_no_17','장거리 회선',now(),(select user_id from user_info where id='guswns'));
insert project(project_no, project_name,generating_date, user_id) value('project_no_18','LowerOrder Optical channel',now(),(select user_id from user_info where id='dPwns'));
insert project(project_no, project_name,generating_date, user_id) value('project_no_19','광전달 망',now(),(select user_id from user_info where id='dPcks'));
insert project(project_no, project_name,generating_date, user_id) value('project_no_20','자체보유 빅데이터',now(),(select user_id from user_info where id='dudcks'));
insert project(project_no, project_name,generating_date, user_id) value('project_no_21','패턴 인식',now(),(select user_id from user_info where id='dncks'));
insert project(project_no, project_name,generating_date, user_id) value('project_no_22','컴퓨터 시각',now(),(select user_id from user_info where id='dnjswns'));
insert project(project_no, project_name,generating_date, user_id) value('project_no_23','지능형 로봇',now(),(select user_id from user_info where id='dldks'));
insert project(project_no, project_name,generating_date, user_id) value('project_no_24','정보 기술',now(),(select user_id from user_info where id='dlgns'));
insert project(project_no, project_name,generating_date, user_id) value('project_no_25','전문가 시스템',now(),(select user_id from user_info where id='woqls'));
insert project(project_no, project_name,generating_date, user_id) value('project_no_26','인공 지능',now(),(select user_id from user_info where id='wndnjs'));
insert project(project_no, project_name,generating_date, user_id) value('project_no_27','로봇 공학',now(),(select user_id from user_info where id='wngh'));
insert project(project_no, project_name,generating_date, user_id) value('project_no_28','스마트폰',now(),(select user_id from user_info where id='wnghks'));
insert project(project_no, project_name,generating_date, user_id) value('project_no_29','사물 인터넷',now(),(select user_id from user_info where id='wngns'));
insert project(project_no, project_name,generating_date, user_id) value('project_no_30','빅데이터',now(),(select user_id from user_info where id='wngur'));
insert project(project_no, project_name,generating_date, user_id) value('project_no_31','비정형 데이터',now(),(select user_id from user_info where id='wncks'));
insert project(project_no, project_name,generating_date, user_id) value('project_no_32','데이터베이스 관리',now(),(select user_id from user_info where id='wnqls'));


/*logic table insert*/
insert into logic 
values('original_no_1','project_no_1', '휴대전화기 문제점','휴대전화기 내용','problem',now(), null, 'user_id_0');

insert into logic 
values('original_no_2','project_no_1', '휴대전화기 해결책','휴대전화기 내용','answer',now(), 'original_no_1', 'user_id_1');

insert into logic 
values('original_no_3','project_no_1', '휴대전화기 문제점2','휴대전화기 내용','problem',now(), null, 'user_id_2');

insert into logic 
values('original_no_4','project_no_1', '휴대전화기 해결책2','휴대전화기 내용','answer',now(), 'original_no_3', 'user_id_0');

insert into logic 
values('original_no_5','project_no_1', '휴대전화기 문제점2의 문제점','휴대전화기 내용','problem',now(), 'original_no_4', 'user_id_2');


insert into logic 
values('original_no_6','project_no_10', '스마트폰 문제점','스마트폰 내용','problem',now(), null, 'user_id_3');

insert into logic 
values('original_no_7','project_no_10', '스마트폰 해결책','스마트폰 내용','answer',now(), 'original_no_6', 'user_id_4');

insert into logic 
values('original_no_8','project_no_10', '스마트폰 문제점2','스마트폰 내용','problem',now(), null, 'user_id_5');

insert into logic 
values('original_no_9','project_no_10', '스마트폰 해결책2','스마트폰 내용','answer',now(), 'original_no_8', 'user_id_6');

insert into logic 
values('original_no_10','project_no_10', '스마트폰 문제점2의 문제점','스마트폰 내용','problem',now(), 'original_no_9', 'user_id_7');


insert into logic 
values('original_no_11','project_no_11', '시내국 문제점','시내국 내용','problem',now(), null, 'user_id_8');

insert into logic 
values('original_no_12','project_no_11', '시내국 해결책','시내국 내용','answer',now(), 'original_no_11', 'user_id_9');

insert into logic 
values('original_no_13','project_no_11', '시내국 문제점2','시내국 내용','problem',now(), null, 'user_id_10');

insert into logic 
values('original_no_14','project_no_11', '시내국 해결책2','시내국 내용','answer',now(), 'original_no_13', 'user_id_11');

insert into logic 
values('original_no_15','project_no_11', '시내국 문제점2의 문제점','시내국 내용','problem',now(), 'original_no_14', 'user_id_12');



insert into logic 
values('original_no_16','project_no_12', '금융서비스 문제점','금융서비스 내용','problem',now(), null, 'user_id_8');

insert into logic 
values('original_no_17','project_no_12', '금융서비스 해결책','금융서비스 내용','answer',now(), 'original_no_16', 'user_id_9');

insert into logic 
values('original_no_18','project_no_12', '금융서비스 문제점2','금융서비스 내용','problem',now(), null, 'user_id_10');

insert into logic 
values('original_no_19','project_no_12', '금융서비스 해결책2','금융서비스 내용','answer',now(), 'original_no_18', 'user_id_11');

insert into logic 
values('original_no_20','project_no_12', '금융서비스 문제점2의 문제점','금융서비스 내용','problem',now(), 'original_no_19', 'user_id_12');


insert into logic 
values('original_no_21','project_no_13', '분산저장 문제점','분산저장 내용','problem',now(), null, 'user_id_16');

insert into logic 
values('original_no_22','project_no_13', '분산저장 해결책','분산저장 내용','answer',now(), 'original_no_21', 'user_id_17');

insert into logic 
values('original_no_23','project_no_13', '분산저장 문제점2','분산저장 내용','problem',now(), null, 'user_id_18');

insert into logic 
values('original_no_24','project_no_13', '분산저장 해결책2','분산저장 내용','answer',now(), 'original_no_23', 'user_id_11');

insert into logic 
values('original_no_25','project_no_13', '분산저장 문제점2의 문제점','분산저장 내용','problem',now(), 'original_no_24', 'user_id_12');


insert into logic 
values('original_no_26','project_no_14', '순방향 오류 정정 문제점','순방향 오류 정정 내용','problem',now(), null, 'user_id_19');

insert into logic 
values('original_no_27','project_no_14', '순방향 오류 정정 해결책','순방향 오류 정정 내용','answer',now(), 'original_no_26', 'user_id_21');

insert into logic 
values('original_no_28','project_no_14', '순방향 오류 정정 문제점2','순방향 오류 정정 내용','problem',now(), null, 'user_id_22');

insert into logic 
values('original_no_29','project_no_14', '순방향 오류 정정 해결책2','순방향 오류 정정 내용','answer',now(), 'original_no_28', 'user_id_25');

insert into logic 
values('original_no_30','project_no_14', '순방향 오류 정정 문제점2의 문제점','순방향 오류 정정 내용','problem',now(), 'original_no_29', 'user_id_26');



insert into logic 
values('original_no_31','project_no_15', '가시외 통신 문제점','가시외 통신 내용','problem',now(), null, 'user_id_19');

insert into logic 
values('original_no_32','project_no_15', '가시외 통신 해결책','가시외 통신 내용','answer',now(), 'original_no_31', 'user_id_21');

insert into logic 
values('original_no_33','project_no_15', '가시외 통신 문제점2','가시외 통신 내용','problem',now(), null, 'user_id_22');

insert into logic 
values('original_no_34','project_no_15', '가시외 통신 해결책2','가시외 통신 내용','answer',now(), 'original_no_33', 'user_id_25');

insert into logic 
values('original_no_35','project_no_15', '가시외 통신 문제점2의 문제점','가시외 통신 내용','problem',now(), 'original_no_34', 'user_id_26');


insert into logic 
values('original_no_36','project_no_16', 'VisualNetworking Index 문제점','VisualNetworking Index 내용','problem',now(), null, 'user_id_31');

insert into logic 
values('original_no_37','project_no_16', 'VisualNetworking Index 해결책','VisualNetworking Index 내용','answer',now(), 'original_no_36', 'user_id_22');

insert into logic 
values('original_no_38','project_no_16', 'VisualNetworking Index 문제점2','VisualNetworking Index 내용','problem',now(), null, 'user_id_28');

insert into logic 
values('original_no_39','project_no_16', 'VisualNetworking Index 해결책2','VisualNetworking Index 내용','answer',now(), 'original_no_38', 'user_id_31');

insert into logic 
values('original_no_40','project_no_16', 'VisualNetworking Index 문제점2의 문제점','VisualNetworking Index 내용','problem',now(), 'original_no_39', 'user_id_34');


/* _grouping table insert */
INSERT INTO _grouping(group_no, group_name, generating_date, user_id) 
Values('group_no_1','논심창의력연구소개발자',now(),'user_id_1');

INSERT INTO 
_grouping(group_no, group_name, generating_date, user_id) 
Values('group_no_2','세종시 시장선거 입후보자',now(),'user_id_2');

INSERT INTO 
_grouping(group_no, group_name, generating_date, user_id) 
Values('group_no_3','삼성전자 이달의 우수사원 대상자',now(),'user_id_3');

INSERT INTO 
_grouping(group_no, group_name, generating_date, user_id) 
Values('group_no_4','2018 발롱도르 후보',now(),'user_id_4');

INSERT INTO 
_grouping(group_no, group_name, generating_date, user_id) 
Values('group_no_5','멀티캠퍼스 서류전형 합격자',now(),'user_id_5');

INSERT INTO 
_grouping(group_no, group_name, generating_date, user_id) 
Values('group_no_6','노원구 용감한 시민 표창 대상자',now(),'user_id_6');

INSERT INTO 
_grouping(group_no, group_name, generating_date, user_id) 
Values('group_no_7','18-2차 동원훈련 우수자',now(),'user_id_7');

INSERT INTO 
_grouping(group_no, group_name, generating_date, user_id) 
Values('group_no_8','멘사 회원',now(),'user_id_8');

INSERT INTO 
_grouping(group_no, group_name, generating_date, user_id) 
Values('group_no_9','부장 승진 대상자',now(),'user_id_9');

INSERT INTO 
_grouping(group_no, group_name, generating_date, user_id) 
Values('group_no_10','서울시장 입후보자',now(),'user_id_10');

/*grouping_member table insert*/
INSERT INTO 
Grouping_member(group_no, user_id) 
Values('group_no_1','user_id_1');

INSERT INTO 
Grouping_member(group_no, user_id) 
Values('group_no_1','user_id_2');

INSERT INTO 
Grouping_member(group_no, user_id) 
Values('group_no_1','user_id_3');

INSERT INTO 
Grouping_member(group_no, user_id) 
Values('group_no_1','user_id_4');

INSERT INTO 
Grouping_member(group_no, user_id) 
Values('group_no_2','user_id_5');

INSERT INTO 
Grouping_member(group_no, user_id) 
Values('group_no_2','user_id_6');

INSERT INTO 
Grouping_member(group_no, user_id) 
Values('group_no_2','user_id_7');

INSERT INTO 
Grouping_member(group_no, user_id) 
Values('group_no_2','user_id_8');

INSERT INTO 
Grouping_member(group_no, user_id) 
Values('group_no_3','user_id_9');

INSERT INTO 
Grouping_member(group_no, user_id) 
Values('group_no_3','user_id_10');

INSERT INTO 
Grouping_member(group_no, user_id) 
Values('group_no_3','user_id_11');

INSERT INTO 
Grouping_member(group_no, user_id) 
Values('group_no_3','user_id_12');

INSERT INTO 
Grouping_member(group_no, user_id) 
Values('group_no_4','user_id_13');

INSERT INTO 
Grouping_member(group_no, user_id) 
Values('group_no_4','user_id_14');

INSERT INTO 
Grouping_member(group_no, user_id) 
Values('group_no_4','user_id_15');

INSERT INTO 
Grouping_member(group_no, user_id) 
Values('group_no_4','user_id_16');

INSERT INTO 
Grouping_member(group_no, user_id) 
Values('group_no_5','user_id_17');

INSERT INTO 
Grouping_member(group_no, user_id) 
Values('group_no_5','user_id_18');

INSERT INTO 
Grouping_member(group_no, user_id) 
Values('group_no_5','user_id_19');

INSERT INTO 
Grouping_member(group_no, user_id) 
Values('group_no_5','user_id_20');

INSERT INTO 
Grouping_member(group_no, user_id) 
Values('group_no_6','user_id_21');

INSERT INTO 
Grouping_member(group_no, user_id) 
Values('group_no_6','user_id_22');

INSERT INTO 
Grouping_member(group_no, user_id) 
Values('group_no_6','user_id_23');

INSERT INTO 
Grouping_member(group_no, user_id) 
Values('group_no_6','user_id_24');

INSERT INTO 
Grouping_member(group_no, user_id) 
Values('group_no_7','user_id_25');

INSERT INTO 
Grouping_member(group_no, user_id) 
Values('group_no_7','user_id_26');

INSERT INTO 
Grouping_member(group_no, user_id) 
Values('group_no_7','user_id_27');

INSERT INTO 
Grouping_member(group_no, user_id) 
Values('group_no_7','user_id_28');

INSERT INTO 
Grouping_member(group_no, user_id) 
Values('group_no_8','user_id_29');

INSERT INTO 
Grouping_member(group_no, user_id) 
Values('group_no_8','user_id_30');

INSERT INTO 
Grouping_member(group_no, user_id) 
Values('group_no_8','user_id_31');

INSERT INTO 
Grouping_member(group_no, user_id) 
Values('group_no_8','user_id_32');

INSERT INTO 
Grouping_member(group_no, user_id) 
Values('group_no_9','user_id_33');

INSERT INTO 
Grouping_member(group_no, user_id) 
Values('group_no_9','user_id_34');

INSERT INTO 
Grouping_member(group_no, user_id) 
Values('group_no_9','user_id_35');

INSERT INTO 
Grouping_member(group_no, user_id) 
Values('group_no_9','user_id_36');

INSERT INTO 
Grouping_member(group_no, user_id) 
Values('group_no_10','user_id_37');

INSERT INTO 
Grouping_member(group_no, user_id) 
Values('group_no_10','user_id_38');

INSERT INTO 
Grouping_member(group_no, user_id) 
Values('group_no_10','user_id_39');

INSERT INTO 
Grouping_member(group_no, user_id) 
Values('group_no_10','user_id_40');



/* authority table insert */

insert into authority(authority_id, authority_name) values('1','준회원');
insert into authority(authority_id, authority_name) values('2','정회원');
insert into authority(authority_id, authority_name) values('3','관리자');


insert into authority_rel(user_id, authority_id) values('user_id_0','1');
insert into authority_rel(user_id, authority_id) values('user_id_1','2');
insert into authority_rel(user_id, authority_id) values('user_id_2','1');
insert into authority_rel(user_id, authority_id) values('user_id_3','2');
insert into authority_rel(user_id, authority_id) values('user_id_4','1');
insert into authority_rel(user_id, authority_id) values('user_id_5','2');
insert into authority_rel(user_id, authority_id) values('user_id_6','1');
insert into authority_rel(user_id, authority_id) values('user_id_7','2');
insert into authority_rel(user_id, authority_id) values('user_id_8','1');
insert into authority_rel(user_id, authority_id) values('user_id_9','2');
insert into authority_rel(user_id, authority_id) values('user_id_10','1');
insert into authority_rel(user_id, authority_id) values('user_id_11','2');
insert into authority_rel(user_id, authority_id) values('user_id_12','3');
insert into authority_rel(user_id, authority_id) values('user_id_13','2');
insert into authority_rel(user_id, authority_id) values('user_id_14','1');
insert into authority_rel(user_id, authority_id) values('user_id_15','2');
insert into authority_rel(user_id, authority_id) values('user_id_16','1');
insert into authority_rel(user_id, authority_id) values('user_id_17','2');
insert into authority_rel(user_id, authority_id) values('user_id_18','1');
insert into authority_rel(user_id, authority_id) values('user_id_19','2');
insert into authority_rel(user_id, authority_id) values('user_id_20','1');
insert into authority_rel(user_id, authority_id) values('user_id_21','2');
insert into authority_rel(user_id, authority_id) values('user_id_22','1');
insert into authority_rel(user_id, authority_id) values('user_id_23','2');
insert into authority_rel(user_id, authority_id) values('user_id_24','1');
insert into authority_rel(user_id, authority_id) values('user_id_25','2');
insert into authority_rel(user_id, authority_id) values('user_id_26','1');
insert into authority_rel(user_id, authority_id) values('user_id_27','2');
insert into authority_rel(user_id, authority_id) values('user_id_28','1');
insert into authority_rel(user_id, authority_id) values('user_id_29','2');
insert into authority_rel(user_id, authority_id) values('user_id_30','1');
insert into authority_rel(user_id, authority_id) values('user_id_31','2');
insert into authority_rel(user_id, authority_id) values('user_id_32','1');
insert into authority_rel(user_id, authority_id) values('user_id_33','2');
insert into authority_rel(user_id, authority_id) values('user_id_34','1');
insert into authority_rel(user_id, authority_id) values('user_id_35','2');
insert into authority_rel(user_id, authority_id) values('user_id_36','1');
insert into authority_rel(user_id, authority_id) values('user_id_37','2');
insert into authority_rel(user_id, authority_id) values('user_id_38','1');
insert into authority_rel(user_id, authority_id) values('user_id_39','2');
insert into authority_rel(user_id, authority_id) values('user_id_40','1');
insert into authority_rel(user_id, authority_id) values('user_id_41','2');
insert into authority_rel(user_id, authority_id) values('user_id_42','1');
insert into authority_rel(user_id, authority_id) values('user_id_43','2');
insert into authority_rel(user_id, authority_id) values('user_id_44','1');
insert into authority_rel(user_id, authority_id) values('user_id_45','2');
insert into authority_rel(user_id, authority_id) values('user_id_46','1');
insert into authority_rel(user_id, authority_id) values('user_id_47','2');
insert into authority_rel(user_id, authority_id) values('user_id_48','1');
insert into authority_rel(user_id, authority_id) values('user_id_49','2');
insert into authority_rel(user_id, authority_id) values('user_id_50','1');
insert into authority_rel(user_id, authority_id) values('user_id_51','2');
insert into authority_rel(user_id, authority_id) values('user_id_52','1');
insert into authority_rel(user_id, authority_id) values('user_id_53','2');
insert into authority_rel(user_id, authority_id) values('user_id_54','1');
insert into authority_rel(user_id, authority_id) values('user_id_55','2');
insert into authority_rel(user_id, authority_id) values('user_id_56','1');
insert into authority_rel(user_id, authority_id) values('user_id_57','2');
insert into authority_rel(user_id, authority_id) values('user_id_58','1');
insert into authority_rel(user_id, authority_id) values('user_id_59','2');
insert into authority_rel(user_id, authority_id) values('user_id_60','1');
insert into authority_rel(user_id, authority_id) values('user_id_61','2');
insert into authority_rel(user_id, authority_id) values('user_id_62','1');
insert into authority_rel(user_id, authority_id) values('user_id_63','2');
insert into authority_rel(user_id, authority_id) values('user_id_64','1');
insert into authority_rel(user_id, authority_id) values('user_id_65','2');
insert into authority_rel(user_id, authority_id) values('user_id_66','1');
insert into authority_rel(user_id, authority_id) values('user_id_67','2');
insert into authority_rel(user_id, authority_id) values('user_id_68','1');
insert into authority_rel(user_id, authority_id) values('user_id_69','2');
insert into authority_rel(user_id, authority_id) values('user_id_70','1');
insert into authority_rel(user_id, authority_id) values('user_id_71','2');
insert into authority_rel(user_id, authority_id) values('user_id_72','1');
insert into authority_rel(user_id, authority_id) values('user_id_73','2');
insert into authority_rel(user_id, authority_id) values('user_id_74','1');
insert into authority_rel(user_id, authority_id) values('user_id_75','2');
insert into authority_rel(user_id, authority_id) values('user_id_76','1');
insert into authority_rel(user_id, authority_id) values('user_id_77','2');
insert into authority_rel(user_id, authority_id) values('user_id_78','1');
insert into authority_rel(user_id, authority_id) values('user_id_79','2');
insert into authority_rel(user_id, authority_id) values('user_id_80','1');
insert into authority_rel(user_id, authority_id) values('user_id_81','2');
insert into authority_rel(user_id, authority_id) values('user_id_82','1');
insert into authority_rel(user_id, authority_id) values('user_id_83','2');
insert into authority_rel(user_id, authority_id) values('user_id_84','1');
insert into authority_rel(user_id, authority_id) values('user_id_85','2');
insert into authority_rel(user_id, authority_id) values('user_id_86','1');
insert into authority_rel(user_id, authority_id) values('user_id_87','2');
insert into authority_rel(user_id, authority_id) values('user_id_88','1');
insert into authority_rel(user_id, authority_id) values('user_id_89','2');
insert into authority_rel(user_id, authority_id) values('user_id_90','1');
insert into authority_rel(user_id, authority_id) values('user_id_91','2');
insert into authority_rel(user_id, authority_id) values('user_id_92','1');
insert into authority_rel(user_id, authority_id) values('user_id_93','2');
insert into authority_rel(user_id, authority_id) values('user_id_94','1');
insert into authority_rel(user_id, authority_id) values('user_id_95','2');
insert into authority_rel(user_id, authority_id) values('user_id_96','1');
insert into authority_rel(user_id, authority_id) values('user_id_97','2');
insert into authority_rel(user_id, authority_id) values('user_id_98','1');
insert into authority_rel(user_id, authority_id) values('user_id_99','2');
insert into authority_rel(user_id, authority_id) values('user_id_100','1');
insert into authority_rel(user_id, authority_id) values('user_id_101','2');
insert into authority_rel(user_id, authority_id) values('user_id_102','1');
insert into authority_rel(user_id, authority_id) values('user_id_103','2');
insert into authority_rel(user_id, authority_id) values('user_id_104','1');
insert into authority_rel(user_id, authority_id) values('user_id_105','2');
insert into authority_rel(user_id, authority_id) values('user_id_106','1');
insert into authority_rel(user_id, authority_id) values('user_id_107','2');
insert into authority_rel(user_id, authority_id) values('user_id_108','1');
insert into authority_rel(user_id, authority_id) values('user_id_109','2');
insert into authority_rel(user_id, authority_id) values('user_id_110','1');
insert into authority_rel(user_id, authority_id) values('user_id_111','2');
insert into authority_rel(user_id, authority_id) values('user_id_112','1');
insert into authority_rel(user_id, authority_id) values('user_id_113','2');
insert into authority_rel(user_id, authority_id) values('user_id_114','1');
insert into authority_rel(user_id, authority_id) values('user_id_115','2');
insert into authority_rel(user_id, authority_id) values('user_id_116','1');
insert into authority_rel(user_id, authority_id) values('user_id_117','2');
insert into authority_rel(user_id, authority_id) values('user_id_118','1');
insert into authority_rel(user_id, authority_id) values('user_id_119','2');